ion,feature_id,cluster_mz,n_present_samples,min_detection_fraction,median_detection_fraction,n_total_samples,presence_fraction,passes
pos,pos_mz_100.0392_02905,100.03915,1,1.0,1.0,1,1.0,True
pos,pos_mz_100.0473_02908,100.04725,1,0.970873786407767,0.970873786407767,1,1.0,True
pos,pos_mz_100.0755_02912,100.07554999999999,1,1.0,1.0,1,1.0,True
pos,pos_mz_100.0838_02915,100.08375000000001,1,0.8640776699029126,0.8640776699029126,1,1.0,True
pos,pos_mz_100.1120_02918,100.11200000000001,1,1.0,1.0,1,1.0,True
pos,pos_mz_100.9482_02929,100.94824999999999,1,0.9805825242718447,0.9805825242718447,1,1.0,True
pos,pos_mz_100.9989_02936,100.99885,1,0.9902912621359223,0.9902912621359223,1,1.0,True
pos,pos_mz_101.0233_02947,101.02325,1,1.0,1.0,1,1.0,True
pos,pos_mz_101.0596_02954,101.0596,1,1.0,1.0,1,1.0,True
pos,pos_mz_101.1153_02967,101.11534999999999,1,0.9611650485436893,0.9611650485436893,1,1.0,True
pos,pos_mz_102.0549_02992,102.0549,1,1.0,1.0,1,1.0,True
pos,pos_mz_102.0629_02994,102.0629,1,0.9223300970873787,0.9223300970873787,1,1.0,True
pos,pos_mz_102.0912_02998,102.0912,1,1.0,1.0,1,1.0,True
pos,pos_mz_102.9701_03044,102.9701,1,1.0,1.0,1,1.0,True
pos,pos_mz_103.0388_03078,103.03880000000001,1,1.0,1.0,1,1.0,True
pos,pos_mz_103.0752_03089,103.07525,1,0.9902912621359223,0.9902912621359223,1,1.0,True
pos,pos_mz_103.0864_03090,103.0864,1,1.0,1.0,1,1.0,True
pos,pos_mz_103.9735_03099,103.97345000000001,1,1.0,1.0,1,1.0,True
pos,pos_mz_104.0341_03107,104.03415,1,0.9902912621359223,0.9902912621359223,1,1.0,True
pos,pos_mz_104.0705_03111,104.07045000000001,1,1.0,1.0,1,1.0,True
pos,pos_mz_104.9661_03119,104.96610000000001,1,1.0,1.0,1,1.0,True
pos,pos_mz_104.9744_03125,104.97440000000002,1,1.0,1.0,1,1.0,True
pos,pos_mz_105.0032_03128,105.00319999999999,1,1.0,1.0,1,1.0,True
pos,pos_mz_105.0334_03137,105.0334,1,1.0,1.0,1,1.0,True
pos,pos_mz_105.0367_03138,105.03670000000002,1,0.9902912621359223,0.9902912621359223,1,1.0,True
pos,pos_mz_105.0697_03146,105.06975,1,1.0,1.0,1,1.0,True
pos,pos_mz_106.0039_03165,106.00394999999999,1,1.0,1.0,1,1.0,True
pos,pos_mz_106.0078_03166,106.00780000000002,1,1.0,1.0,1,1.0,True
pos,pos_mz_106.9630_03215,106.96300000000001,1,1.0,1.0,1,1.0,True
pos,pos_mz_106.9918_03227,106.9918,1,1.0,1.0,1,1.0,True
pos,pos_mz_107.0007_03232,107.00065000000001,1,1.0,1.0,1,1.0,True
pos,pos_mz_107.0434_03250,107.0434,1,1.0,1.0,1,1.0,True
pos,pos_mz_107.0489_03252,107.04894999999999,1,1.0,1.0,1,1.0,True
pos,pos_mz_107.0701_03257,107.0701,1,1.0,1.0,1,1.0,True
pos,pos_mz_107.0854_03265,107.0854,1,1.0,1.0,1,1.0,True
pos,pos_mz_107.5451_03281,107.54514999999999,1,1.0,1.0,1,1.0,True
pos,pos_mz_107.9951_03298,107.99510000000001,1,0.9805825242718447,0.9805825242718447,1,1.0,True
pos,pos_mz_108.0806_03321,108.08055,1,1.0,1.0,1,1.0,True
pos,pos_mz_108.9875_03347,108.9875,1,1.0,1.0,1,1.0,True
pos,pos_mz_108.9960_03348,108.99600000000001,1,0.8640776699029126,0.8640776699029126,1,1.0,True
pos,pos_mz_109.0647_03371,109.06465,1,1.0,1.0,1,1.0,True
pos,pos_mz_109.1011_03380,109.10110000000002,1,1.0,1.0,1,1.0,True
pos,pos_mz_110.0600_03413,110.05995,1,0.9902912621359223,0.9902912621359223,1,1.0,True
pos,pos_mz_110.1044_03423,110.10440000000001,1,1.0,1.0,1,1.0,True
pos,pos_mz_110.9601_03434,110.96015,1,0.8446601941747572,0.8446601941747572,1,1.0,True
pos,pos_mz_111.0231_03442,111.02305000000001,1,0.9805825242718447,0.9805825242718447,1,1.0,True
pos,pos_mz_111.0415_03445,111.04154999999999,1,1.0,1.0,1,1.0,True
pos,pos_mz_111.0438_03446,111.04384999999999,1,1.0,1.0,1,1.0,True
pos,pos_mz_111.0803_03458,111.0803,1,1.0,1.0,1,1.0,True
pos,pos_mz_111.1167_03464,111.11672000000002,1,1.0,1.0,1,1.0,True
pos,pos_mz_112.0754_03490,112.07540000000002,1,0.941747572815534,0.941747572815534,1,1.0,True
pos,pos_mz_112.0838_03493,112.08375000000001,1,0.8543689320388349,0.8543689320388349,1,1.0,True
pos,pos_mz_112.1200_03495,112.12004999999999,1,0.9320388349514563,0.9320388349514563,1,1.0,True
pos,pos_mz_113.0596_03526,113.05955,1,1.0,1.0,1,1.0,True
pos,pos_mz_113.0959_03531,113.0959,1,1.0,1.0,1,1.0,True
pos,pos_mz_114.0912_03572,114.0912,1,1.0,1.0,1,1.0,True
pos,pos_mz_114.9701_03609,114.9701,1,1.0,1.0,1,1.0,True
pos,pos_mz_115.0364_03631,115.0364,1,1.0,1.0,1,1.0,True
pos,pos_mz_115.0387_03632,115.03875,1,0.9611650485436893,0.9611650485436893,1,1.0,True
pos,pos_mz_115.0752_03643,115.0752,1,1.0,1.0,1,1.0,True
pos,pos_mz_115.0945_03650,115.0945,1,0.9320388349514563,0.9320388349514563,1,1.0,True
pos,pos_mz_115.1116_03652,115.1116,1,1.0,1.0,1,1.0,True
pos,pos_mz_116.0486_03688,116.0486,1,0.8932038834951457,0.8932038834951457,1,1.0,True
pos,pos_mz_116.0785_03697,116.07845,1,0.8252427184466019,0.8252427184466019,1,1.0,True
pos,pos_mz_117.0543_03751,117.05435,1,0.9223300970873787,0.9223300970873787,1,1.0,True
pos,pos_mz_117.0909_03767,117.09085,1,1.0,1.0,1,1.0,True
pos,pos_mz_117.1021_03770,117.1021,1,1.0,1.0,1,1.0,True
pos,pos_mz_117.9583_03793,117.95835,1,0.9611650485436893,0.9611650485436893,1,1.0,True
pos,pos_mz_118.0650_03813,118.06495000000001,1,1.0,1.0,1,1.0,True
pos,pos_mz_118.9425_03837,118.94245000000001,1,1.0,1.0,1,1.0,True
pos,pos_mz_118.9918_03855,118.99179999999998,1,1.0,1.0,1,1.0,True
pos,pos_mz_119.0282_03869,119.02820000000001,1,1.0,1.0,1,1.0,True
pos,pos_mz_120.0235_03923,120.02346666666669,1,1.0,1.0,1,1.0,True
pos,pos_mz_120.0477_03932,120.04765000000002,1,1.0,1.0,1,1.0,True
pos,pos_mz_120.9807_03986,120.9807,1,1.0,1.0,1,1.0,True
pos,pos_mz_120.9870_03989,120.98695000000002,1,1.0,1.0,1,1.0,True
pos,pos_mz_121.0074_03992,121.0074,1,1.0,1.0,1,1.0,True
pos,pos_mz_121.1010_04027,121.10100000000003,1,1.0,1.0,1,1.0,True
pos,pos_mz_122.0962_04075,122.09615000000001,1,0.912621359223301,0.912621359223301,1,1.0,True
pos,pos_mz_123.0231_04101,123.02310000000003,1,1.0,1.0,1,1.0,True
pos,pos_mz_123.0438_04108,123.0438,1,0.912621359223301,0.912621359223301,1,1.0,True
pos,pos_mz_123.1167_04126,123.11665,1,1.0,1.0,1,1.0,True
pos,pos_mz_124.0183_04139,124.01835,1,1.0,1.0,1,1.0,True
pos,pos_mz_124.0968_04154,124.09675,1,0.8252427184466019,0.8252427184466019,1,1.0,True
pos,pos_mz_124.1199_04155,124.1199,1,0.9320388349514563,0.9320388349514563,1,1.0,True
pos,pos_mz_125.0024_04177,125.00240000000001,1,1.0,1.0,1,1.0,True
pos,pos_mz_125.0188_04180,125.01879999999998,1,0.9902912621359223,0.9902912621359223,1,1.0,True
pos,pos_mz_125.0594_04198,125.05936,1,0.8737864077669902,0.8737864077669902,1,1.0,True
pos,pos_mz_125.0958_04207,125.09582499999999,1,1.0,1.0,1,1.0,True
pos,pos_mz_125.9526_04225,125.9526,1,1.0,1.0,1,1.0,True
pos,pos_mz_126.9367_04274,126.93665,1,1.0,1.0,1,1.0,True
pos,pos_mz_126.9513_04278,126.95129999999999,1,1.0,1.0,1,1.0,True
pos,pos_mz_126.9939_04285,126.99385000000001,1,0.912621359223301,0.912621359223301,1,1.0,True
pos,pos_mz_126.9980_04288,126.99795,1,1.0,1.0,1,1.0,True
pos,pos_mz_127.0238_04297,127.02380000000001,1,1.0,1.0,1,1.0,True
pos,pos_mz_127.0387_04302,127.03865,1,0.8446601941747572,0.8446601941747572,1,1.0,True
pos,pos_mz_127.0727_04310,127.07275,1,0.8155339805825242,0.8155339805825242,1,1.0,True
pos,pos_mz_127.0752_04313,127.07515000000001,1,1.0,1.0,1,1.0,True
pos,pos_mz_127.1115_04316,127.11155,1,1.0,1.0,1,1.0,True
pos,pos_mz_127.9494_04331,127.9494,1,0.9902912621359223,0.9902912621359223,1,1.0,True
pos,pos_mz_128.0785_04355,128.07854999999998,1,0.8446601941747572,0.8446601941747572,1,1.0,True
pos,pos_mz_128.1068_04356,128.10684999999998,1,1.0,1.0,1,1.0,True
pos,pos_mz_128.9504_04368,128.95043333333334,1,0.8058252427184466,0.8058252427184466,1,1.0,True
pos,pos_mz_128.9856_04373,128.9856,1,0.8058252427184466,0.8058252427184466,1,1.0,True
pos,pos_mz_129.0212_04379,129.0212,1,0.8155339805825242,0.8155339805825242,1,1.0,True
pos,pos_mz_129.0543_04387,129.05435,1,1.0,1.0,1,1.0,True
pos,pos_mz_129.0908_04396,129.09085,1,1.0,1.0,1,1.0,True
pos,pos_mz_129.1101_04400,129.11005,1,0.8446601941747572,0.8446601941747572,1,1.0,True
pos,pos_mz_130.0861_04433,130.08610000000002,1,1.0,1.0,1,1.0,True
pos,pos_mz_130.9651_04453,130.96505000000002,1,1.0,1.0,1,1.0,True
pos,pos_mz_132.0476_04508,132.04755,1,0.9320388349514563,0.9320388349514563,1,1.0,True
pos,pos_mz_132.9807_04543,132.98072,1,1.0,1.0,1,1.0,True
pos,pos_mz_133.0073_04547,133.0073,1,0.8932038834951457,0.8932038834951457,1,1.0,True
pos,pos_mz_133.0645_04568,133.0645,1,0.912621359223301,0.912621359223301,1,1.0,True
pos,pos_mz_133.0793_04572,133.07925,1,1.0,1.0,1,1.0,True
pos,pos_mz_134.0027_04605,134.00265000000002,1,1.0,1.0,1,1.0,True
pos,pos_mz_134.0827_04626,134.08274,1,0.8737864077669902,0.8737864077669902,1,1.0,True
pos,pos_mz_134.9867_04661,134.9867,1,1.0,1.0,1,1.0,True
pos,pos_mz_135.0135_04671,135.01345,1,0.8252427184466019,0.8252427184466019,1,1.0,True
pos,pos_mz_135.0231_04675,135.02306666666667,1,1.0,1.0,1,1.0,True
pos,pos_mz_135.0748_04695,135.07485,1,0.8543689320388349,0.8543689320388349,1,1.0,True
pos,pos_mz_135.1014_04703,135.10144,1,1.0,1.0,1,1.0,True
pos,pos_mz_136.0185_04755,136.01845,1,1.0,1.0,1,1.0,True
pos,pos_mz_136.0213_04756,136.02129999999997,1,1.0,1.0,1,1.0,True
pos,pos_mz_136.0547_04768,136.05474999999998,1,1.0,1.0,1,1.0,True
pos,pos_mz_136.9529_04831,136.95290000000003,1,0.970873786407767,0.970873786407767,1,1.0,True
pos,pos_mz_136.9896_04848,136.98960000000002,1,0.9902912621359223,0.9902912621359223,1,1.0,True
pos,pos_mz_137.0024_04854,137.0024,1,1.0,1.0,1,1.0,True
pos,pos_mz_137.0246_04868,137.02455,1,0.8640776699029126,0.8640776699029126,1,1.0,True
pos,pos_mz_137.0388_04873,137.03875000000002,1,1.0,1.0,1,1.0,True
pos,pos_mz_137.0593_04890,137.05929999999998,1,0.8155339805825242,0.8155339805825242,1,1.0,True
pos,pos_mz_137.1322_04918,137.13225,1,1.0,1.0,1,1.0,True
pos,pos_mz_137.9972_04946,137.9972,1,0.941747572815534,0.941747572815534,1,1.0,True
pos,pos_mz_138.0055_04949,138.00553333333332,1,1.0,1.0,1,1.0,True
pos,pos_mz_138.0421_04964,138.04215,1,0.8058252427184466,0.8058252427184466,1,1.0,True
pos,pos_mz_138.1356_04990,138.1356,1,1.0,1.0,1,1.0,True
pos,pos_mz_138.9811_05027,138.9811,1,0.8446601941747572,0.8446601941747572,1,1.0,True
pos,pos_mz_138.9980_05034,138.99795,1,1.0,1.0,1,1.0,True
pos,pos_mz_139.0344_05047,139.03435000000002,1,1.0,1.0,1,1.0,True
pos,pos_mz_139.0428_05053,139.0428,1,0.9805825242718447,0.9805825242718447,1,1.0,True
pos,pos_mz_139.1115_05083,139.1115,1,0.9902912621359223,0.9902912621359223,1,1.0,True
pos,pos_mz_139.9955_05106,139.99550000000002,1,0.8155339805825242,0.8155339805825242,1,1.0,True
pos,pos_mz_141.0145_05164,141.01451428571428,1,0.8058252427184466,0.8058252427184466,1,1.0,True
pos,pos_mz_141.0543_05180,141.0543,1,1.0,1.0,1,1.0,True
pos,pos_mz_141.0907_05189,141.09068,1,1.0,1.0,1,1.0,True
pos,pos_mz_141.1272_05192,141.1272,1,1.0,1.0,1,1.0,True
pos,pos_mz_142.0862_05218,142.08615,1,0.8155339805825242,0.8155339805825242,1,1.0,True
pos,pos_mz_142.0940_05219,142.09404999999998,1,0.8349514563106796,0.8349514563106796,1,1.0,True
pos,pos_mz_142.1224_05222,142.12235,1,1.0,1.0,1,1.0,True
pos,pos_mz_142.9318_05233,142.9318,1,0.8543689320388349,0.8543689320388349,1,1.0,True
pos,pos_mz_142.9635_05238,142.96355,1,0.9320388349514563,0.9320388349514563,1,1.0,True
pos,pos_mz_143.0014_05246,143.00135,1,1.0,1.0,1,1.0,True
pos,pos_mz_143.0700_05267,143.07,1,1.0,1.0,1,1.0,True
pos,pos_mz_143.1063_05273,143.1063333333333,1,1.0,1.0,1,1.0,True
pos,pos_mz_143.9475_05285,143.94750000000002,1,0.8446601941747572,0.8446601941747572,1,1.0,True
pos,pos_mz_143.9630_05288,143.96304999999998,1,0.883495145631068,0.883495145631068,1,1.0,True
pos,pos_mz_144.0046_05295,144.0046,1,1.0,1.0,1,1.0,True
pos,pos_mz_144.1379_05312,144.13795,1,0.8640776699029126,0.8640776699029126,1,1.0,True
pos,pos_mz_145.0342_05334,145.0341857142857,1,1.0,1.0,1,1.0,True
pos,pos_mz_145.0857_05342,145.08575,1,0.9902912621359223,0.9902912621359223,1,1.0,True
pos,pos_mz_146.9865_05400,146.98653333333334,1,1.0,1.0,1,1.0,True
pos,pos_mz_147.0229_05408,147.02294999999998,1,1.0,1.0,1,1.0,True
pos,pos_mz_148.0544_05456,148.0544,1,0.8446601941747572,0.8446601941747572,1,1.0,True
pos,pos_mz_148.9426_05471,148.9426,1,0.8349514563106796,0.8349514563106796,1,1.0,True
pos,pos_mz_148.9755_05477,148.97555,1,0.941747572815534,0.941747572815534,1,1.0,True
pos,pos_mz_149.0134_05485,149.0134,1,0.9223300970873787,0.9223300970873787,1,1.0,True
pos,pos_mz_149.0185_05488,149.0185,1,0.8640776699029126,0.8640776699029126,1,1.0,True
pos,pos_mz_149.0230_05492,149.02297142857142,1,1.0,1.0,1,1.0,True
pos,pos_mz_149.0385_05497,149.03853333333333,1,1.0,1.0,1,1.0,True
pos,pos_mz_149.1170_05519,149.11695,1,0.9902912621359223,0.9902912621359223,1,1.0,True
pos,pos_mz_149.1320_05521,149.132,1,0.8737864077669902,0.8737864077669902,1,1.0,True
pos,pos_mz_150.0885_05552,150.0885,1,0.970873786407767,0.970873786407767,1,1.0,True
pos,pos_mz_150.9909_05575,150.99093333333334,1,0.8640776699029126,0.8640776699029126,1,1.0,True
pos,pos_mz_151.0178_05581,151.0177857142857,1,1.0,1.0,1,1.0,True
pos,pos_mz_151.0751_05604,151.07505,1,0.9902912621359223,0.9902912621359223,1,1.0,True
pos,pos_mz_151.1115_05614,151.11145000000002,1,1.0,1.0,1,1.0,True
pos,pos_mz_151.1479_05619,151.14785,1,1.0,1.0,1,1.0,True
pos,pos_mz_152.1277_05658,152.12775,1,1.0,1.0,1,1.0,True
pos,pos_mz_152.9972_05677,152.99724999999998,1,0.8349514563106796,0.8349514563106796,1,1.0,True
pos,pos_mz_153.0907_05705,153.09065,1,1.0,1.0,1,1.0,True
pos,pos_mz_153.1270_05711,153.12705,1,0.9902912621359223,0.9902912621359223,1,1.0,True
pos,pos_mz_155.0312_05768,155.03118571428573,1,0.8446601941747572,0.8446601941747572,1,1.0,True
pos,pos_mz_155.0700_05777,155.07,1,1.0,1.0,1,1.0,True
pos,pos_mz_155.1063_05784,155.10629999999998,1,1.0,1.0,1,1.0,True
pos,pos_mz_155.9901_05806,155.99006,1,1.0,1.0,1,1.0,True
pos,pos_mz_156.9741_05865,156.9741,1,1.0,1.0,1,1.0,True
pos,pos_mz_157.0170_05878,157.01695,1,0.883495145631068,0.883495145631068,1,1.0,True
pos,pos_mz_157.0491_05891,157.04909999999998,1,0.8155339805825242,0.8155339805825242,1,1.0,True
pos,pos_mz_157.0832_05896,157.08325,1,1.0,1.0,1,1.0,True
pos,pos_mz_158.0121_05936,158.01205000000002,1,0.9029126213592233,0.9029126213592233,1,1.0,True
pos,pos_mz_158.1171_05966,158.1171,1,0.9514563106796117,0.9514563106796117,1,1.0,True
pos,pos_mz_158.9697_05996,158.96965,1,1.0,1.0,1,1.0,True
pos,pos_mz_158.9735_05999,158.97355,1,1.0,1.0,1,1.0,True
pos,pos_mz_159.0993_06030,159.0993,1,0.8737864077669902,0.8737864077669902,1,1.0,True
pos,pos_mz_159.1164_06037,159.11635,1,0.8058252427184466,0.8058252427184466,1,1.0,True
pos,pos_mz_160.9753_06099,160.97527142857143,1,1.0,1.0,1,1.0,True
pos,pos_mz_161.0117_06111,161.0117,1,1.0,1.0,1,1.0,True
pos,pos_mz_161.0384_06117,161.03844999999998,1,0.941747572815534,0.941747572815534,1,1.0,True
pos,pos_mz_162.0578_06166,162.05780000000001,1,0.9320388349514563,0.9320388349514563,1,1.0,True
pos,pos_mz_163.0177_06202,163.0177375,1,1.0,1.0,1,1.0,True
pos,pos_mz_163.0541_06217,163.05409999999998,1,0.9320388349514563,0.9320388349514563,1,1.0,True
pos,pos_mz_163.0751_06228,163.07505,1,0.8058252427184466,0.8058252427184466,1,1.0,True
pos,pos_mz_163.0864_06233,163.08641428571426,1,0.8155339805825242,0.8155339805825242,1,1.0,True
pos,pos_mz_163.1323_06244,163.132325,1,1.0,1.0,1,1.0,True
pos,pos_mz_163.1476_06247,163.1476,1,0.8543689320388349,0.8543689320388349,1,1.0,True
pos,pos_mz_164.0129_06260,164.0129,1,0.9902912621359223,0.9902912621359223,1,1.0,True
pos,pos_mz_164.9972_06308,164.9972,1,1.0,1.0,1,1.0,True
pos,pos_mz_165.0542_06325,165.05419999999998,1,0.8932038834951457,0.8932038834951457,1,1.0,True
pos,pos_mz_165.1269_06343,165.12695,1,0.970873786407767,0.970873786407767,1,1.0,True
pos,pos_mz_165.1633_06346,165.16325,1,0.8252427184466019,0.8252427184466019,1,1.0,True
pos,pos_mz_165.9684_06367,165.96835000000002,1,0.941747572815534,0.941747572815534,1,1.0,True
pos,pos_mz_166.9676_06411,166.96765,1,1.0,1.0,1,1.0,True
pos,pos_mz_166.9707_06413,166.97070000000002,1,0.8640776699029126,0.8640776699029126,1,1.0,True
pos,pos_mz_167.0701_06438,167.07014999999998,1,0.8252427184466019,0.8252427184466019,1,1.0,True
pos,pos_mz_167.1039_06445,167.10389999999998,1,1.0,1.0,1,1.0,True
pos,pos_mz_168.9645_06500,168.9645,1,0.9805825242718447,0.9805825242718447,1,1.0,True
pos,pos_mz_169.0857_06523,169.08571428571426,1,0.883495145631068,0.883495145631068,1,1.0,True
pos,pos_mz_169.1218_06532,169.121825,1,1.0,1.0,1,1.0,True
pos,pos_mz_170.9632_06597,170.96318571428574,1,0.8155339805825242,0.8155339805825242,1,1.0,True
pos,pos_mz_171.0990_06623,171.09895,1,0.8058252427184466,0.8058252427184466,1,1.0,True
pos,pos_mz_171.1011_06625,171.1011,1,0.9902912621359223,0.9902912621359223,1,1.0,True
pos,pos_mz_171.1374_06634,171.13739999999999,1,0.9902912621359223,0.9902912621359223,1,1.0,True
pos,pos_mz_171.1489_06639,171.14894999999999,1,1.0,1.0,1,1.0,True
pos,pos_mz_172.1690_06694,172.169,1,0.883495145631068,0.883495145631068,1,1.0,True
pos,pos_mz_173.0117_06729,173.0117,1,0.9805825242718447,0.9805825242718447,1,1.0,True
pos,pos_mz_173.0806_06747,173.08055000000002,1,0.8058252427184466,0.8058252427184466,1,1.0,True
pos,pos_mz_173.1531_06766,173.1531,1,0.8058252427184466,0.8058252427184466,1,1.0,True
pos,pos_mz_174.1121_06820,174.1121,1,0.883495145631068,0.883495145631068,1,1.0,True
pos,pos_mz_174.1276_06823,174.12755,1,1.0,1.0,1,1.0,True
pos,pos_mz_174.9847_06853,174.9847,1,1.0,1.0,1,1.0,True
pos,pos_mz_175.0177_06868,175.01774999999998,1,0.9805825242718447,0.9805825242718447,1,1.0,True
pos,pos_mz_175.1112_06895,175.1112,1,0.8932038834951457,0.8932038834951457,1,1.0,True
pos,pos_mz_175.1304_06903,175.13045,1,1.0,1.0,1,1.0,True
pos,pos_mz_175.9841_06924,175.98405000000002,1,0.941747572815534,0.941747572815534,1,1.0,True
pos,pos_mz_176.9804_06999,176.98035000000002,1,0.8446601941747572,0.8446601941747572,1,1.0,True
pos,pos_mz_177.0335_07022,177.03345000000002,1,0.9902912621359223,0.9902912621359223,1,1.0,True
pos,pos_mz_177.0542_07032,177.05425,1,0.912621359223301,0.912621359223301,1,1.0,True
pos,pos_mz_177.0698_07037,177.0698,1,0.9514563106796117,0.9514563106796117,1,1.0,True
pos,pos_mz_177.1269_07059,177.1269,1,0.9223300970873787,0.9223300970873787,1,1.0,True
pos,pos_mz_177.1634_07069,177.16335,1,0.9514563106796117,0.9514563106796117,1,1.0,True
pos,pos_mz_178.0349_07106,178.03490000000002,1,1.0,1.0,1,1.0,True
pos,pos_mz_179.0011_07165,179.00115,1,0.8932038834951457,0.8932038834951457,1,1.0,True
pos,pos_mz_179.0383_07182,179.03825,1,0.8058252427184466,0.8058252427184466,1,1.0,True
pos,pos_mz_179.1041_07206,179.10405,1,0.8155339805825242,0.8155339805825242,1,1.0,True
pos,pos_mz_181.1197_07343,181.11965,1,0.8252427184466019,0.8252427184466019,1,1.0,True
pos,pos_mz_181.1217_07344,181.1216666666667,1,1.0,1.0,1,1.0,True
pos,pos_mz_182.9017_07398,182.90166666666667,1,1.0,1.0,1,1.0,True
pos,pos_mz_183.0225_07416,183.02254999999997,1,1.0,1.0,1,1.0,True
pos,pos_mz_183.1010_07441,183.10095,1,0.9320388349514563,0.9320388349514563,1,1.0,True
pos,pos_mz_183.1351_07445,183.13505000000004,1,0.9805825242718447,0.9805825242718447,1,1.0,True
pos,pos_mz_183.9786_07462,183.97855,1,0.8252427184466019,0.8252427184466019,1,1.0,True
pos,pos_mz_183.9846_07464,183.98464999999996,1,0.912621359223301,0.912621359223301,1,1.0,True
pos,pos_mz_184.9689_07517,184.96885,1,0.9320388349514563,0.9320388349514563,1,1.0,True
pos,pos_mz_184.9926_07526,184.99259999999998,1,0.8543689320388349,0.8543689320388349,1,1.0,True
pos,pos_mz_185.1145_07555,185.11445,1,0.8932038834951457,0.8932038834951457,1,1.0,True
pos,pos_mz_185.1168_07558,185.11684999999997,1,0.9029126213592233,0.9029126213592233,1,1.0,True
pos,pos_mz_187.1259_07659,187.12595,1,0.8543689320388349,0.8543689320388349,1,1.0,True
pos,pos_mz_191.0488_07802,191.0488,1,0.883495145631068,0.883495145631068,1,1.0,True
pos,pos_mz_191.0851_07812,191.08509999999998,1,0.8058252427184466,0.8058252427184466,1,1.0,True
pos,pos_mz_191.1038_07818,191.10385,1,0.8737864077669902,0.8737864077669902,1,1.0,True
pos,pos_mz_193.0831_07900,193.08315,1,0.8252427184466019,0.8252427184466019,1,1.0,True
pos,pos_mz_193.1305_07914,193.13055,1,0.912621359223301,0.912621359223301,1,1.0,True
pos,pos_mz_193.1582_07921,193.15815,1,0.8737864077669902,0.8737864077669902,1,1.0,True
pos,pos_mz_194.1337_07949,194.13369999999998,1,0.9029126213592233,0.9029126213592233,1,1.0,True
pos,pos_mz_195.0984_07984,195.0984,1,0.8640776699029126,0.8640776699029126,1,1.0,True
pos,pos_mz_195.1375_07995,195.13745,1,0.8058252427184466,0.8058252427184466,1,1.0,True
pos,pos_mz_195.1736_08000,195.17355,1,0.9902912621359223,0.9902912621359223,1,1.0,True
pos,pos_mz_197.1532_08085,197.15315,1,0.8349514563106796,0.8349514563106796,1,1.0,True
pos,pos_mz_199.1321_08189,199.13214999999997,1,0.9223300970873787,0.9223300970873787,1,1.0,True
pos,pos_mz_201.0331_08262,201.03310000000002,1,0.8349514563106796,0.8349514563106796,1,1.0,True
pos,pos_mz_201.1843_08298,201.18425000000002,1,0.8349514563106796,0.8349514563106796,1,1.0,True
pos,pos_mz_203.1058_08381,203.1058,1,0.941747572815534,0.941747572815534,1,1.0,True
pos,pos_mz_205.0278_08458,205.02779999999998,1,0.8932038834951457,0.8932038834951457,1,1.0,True
pos,pos_mz_205.0642_08464,205.0642,1,0.8349514563106796,0.8349514563106796,1,1.0,True
pos,pos_mz_205.1941_08487,205.1941,1,0.9805825242718447,0.9805825242718447,1,1.0,True
pos,pos_mz_207.1737_08569,207.17365,1,0.9029126213592233,0.9029126213592233,1,1.0,True
pos,pos_mz_211.1320_08735,211.13195000000002,1,0.8058252427184466,0.8058252427184466,1,1.0,True
pos,pos_mz_211.1684_08739,211.16835,1,0.883495145631068,0.883495145631068,1,1.0,True
pos,pos_mz_214.9792_08892,214.97920000000002,1,0.9514563106796117,0.9514563106796117,1,1.0,True
pos,pos_mz_219.1733_09167,219.1733,1,1.0,1.0,1,1.0,True
pos,pos_mz_222.1558_09283,222.1558,1,0.8058252427184466,0.8058252427184466,1,1.0,True
pos,pos_mz_222.1842_09288,222.18421818181815,1,0.912621359223301,0.912621359223301,1,1.0,True
pos,pos_mz_223.0170_09312,223.01695000000004,1,0.8543689320388349,0.8543689320388349,1,1.0,True
pos,pos_mz_223.0625_09321,223.06245,1,0.9320388349514563,0.9320388349514563,1,1.0,True
pos,pos_mz_233.9663_09750,233.96625000000003,1,1.0,1.0,1,1.0,True
pos,pos_mz_235.2046_09822,235.2046,1,0.8252427184466019,0.8252427184466019,1,1.0,True
pos,pos_mz_235.9498_09833,235.94979999999995,1,0.9029126213592233,0.9029126213592233,1,1.0,True
pos,pos_mz_236.9471_09866,236.94705000000002,1,0.8155339805825242,0.8155339805825242,1,1.0,True
pos,pos_mz_252.9604_10370,252.96044999999995,1,0.970873786407767,0.970873786407767,1,1.0,True
pos,pos_mz_252.9696_10372,252.96959999999999,1,0.883495145631068,0.883495145631068,1,1.0,True
pos,pos_mz_253.1780_10392,253.17804999999998,1,0.9611650485436893,0.9611650485436893,1,1.0,True
pos,pos_mz_279.1568_10938,279.15684999999996,1,1.0,1.0,1,1.0,True
pos,pos_mz_329.0020_11550,329.002,1,1.0,1.0,1,1.0,True
pos,pos_mz_330.9993_11566,330.99934,1,1.0,1.0,1,1.0,True
pos,pos_mz_348.9867_11686,348.98667142857136,1,0.9805825242718447,0.9805825242718447,1,1.0,True
pos,pos_mz_55.0545_00359,55.05455,1,1.0,1.0,1,1.0,True
pos,pos_mz_56.9651_00593,56.965050000000005,1,1.0,1.0,1,1.0,True
pos,pos_mz_57.0339_00623,57.03385,1,0.9805825242718447,0.9805825242718447,1,1.0,True
pos,pos_mz_57.0701_00646,57.07015,1,1.0,1.0,1,1.0,True
pos,pos_mz_59.0494_01051,59.049350000000004,1,1.0,1.0,1,1.0,True
pos,pos_mz_60.0376_01262,60.03765,1,0.8640776699029126,0.8640776699029126,1,1.0,True
pos,pos_mz_60.0446_01265,60.04455,1,1.0,1.0,1,1.0,True
pos,pos_mz_60.0526_01271,60.05265,1,1.0,1.0,1,1.0,True
pos,pos_mz_60.0555_01274,60.05555,1,1.0,1.0,1,1.0,True
pos,pos_mz_60.0677_01280,60.06765,1,0.8543689320388349,0.8543689320388349,1,1.0,True
pos,pos_mz_60.0810_01283,60.08095,1,1.0,1.0,1,1.0,True
pos,pos_mz_60.9862_01321,60.98625,1,0.8446601941747572,0.8446601941747572,1,1.0,True
pos,pos_mz_60.9866_01322,60.98665,1,1.0,1.0,1,1.0,True
pos,pos_mz_61.0285_01328,61.028549999999996,1,0.8737864077669902,0.8737864077669902,1,1.0,True
pos,pos_mz_61.0397_01329,61.03975,1,1.0,1.0,1,1.0,True
pos,pos_mz_61.0536_01332,61.05355,1,1.0,1.0,1,1.0,True
pos,pos_mz_61.0560_01335,61.056000000000004,1,0.9223300970873787,0.9223300970873787,1,1.0,True
pos,pos_mz_61.0842_01338,61.08425,1,0.9902912621359223,0.9902912621359223,1,1.0,True
pos,pos_mz_61.9942_01342,61.994150000000005,1,0.8058252427184466,0.8058252427184466,1,1.0,True
pos,pos_mz_67.0123_01374,67.01235,1,1.0,1.0,1,1.0,True
pos,pos_mz_67.0543_01379,67.05435,1,1.0,1.0,1,1.0,True
pos,pos_mz_68.9822_01405,68.98219999999999,1,1.0,1.0,1,1.0,True
pos,pos_mz_69.0336_01409,69.03359999999999,1,1.0,1.0,1,1.0,True
pos,pos_mz_69.0700_01416,69.06995,1,1.0,1.0,1,1.0,True
pos,pos_mz_70.0652_01434,70.06515,1,1.0,1.0,1,1.0,True
pos,pos_mz_70.0733_01436,70.0733,1,1.0,1.0,1,1.0,True
pos,pos_mz_71.0492_01458,71.0492,1,1.0,1.0,1,1.0,True
pos,pos_mz_71.0604_01459,71.0604,1,0.9805825242718447,0.9805825242718447,1,1.0,True
pos,pos_mz_71.0686_01460,71.06855,1,1.0,1.0,1,1.0,True
pos,pos_mz_71.0855_01462,71.08555,1,1.0,1.0,1,1.0,True
pos,pos_mz_71.9519_01473,71.95185000000001,1,0.941747572815534,0.941747572815534,1,1.0,True
pos,pos_mz_72.0444_01480,72.04440000000001,1,1.0,1.0,1,1.0,True
pos,pos_mz_73.0284_01512,73.02839999999999,1,1.0,1.0,1,1.0,True
pos,pos_mz_73.0648_01522,73.0648,1,1.0,1.0,1,1.0,True
pos,pos_mz_73.9967_01553,73.99665,1,0.8252427184466019,0.8252427184466019,1,1.0,True
pos,pos_mz_74.0601_01573,74.06005,1,1.0,1.0,1,1.0,True
pos,pos_mz_74.0681_01583,74.0681,1,1.0,1.0,1,1.0,True
pos,pos_mz_74.0964_01593,74.0964,1,1.0,1.0,1,1.0,True
pos,pos_mz_74.9754_01616,74.97535,1,1.0,1.0,1,1.0,True
pos,pos_mz_75.0440_01622,75.04405,1,1.0,1.0,1,1.0,True
pos,pos_mz_75.0553_01624,75.05525,1,0.8349514563106796,0.8349514563106796,1,1.0,True
pos,pos_mz_75.0571_01626,75.05705,1,0.9029126213592233,0.9029126213592233,1,1.0,True
pos,pos_mz_75.0634_01628,75.0634,1,1.0,1.0,1,1.0,True
pos,pos_mz_76.0175_01650,76.01755,1,1.0,1.0,1,1.0,True
pos,pos_mz_76.0393_01652,76.0393,1,1.0,1.0,1,1.0,True
pos,pos_mz_77.0386_01689,77.03855,1,1.0,1.0,1,1.0,True
pos,pos_mz_78.0130_01732,78.01299999999999,1,1.0,1.0,1,1.0,True
pos,pos_mz_78.0226_01749,78.0226,1,1.0,1.0,1,1.0,True
pos,pos_mz_78.9970_01817,78.997,1,1.0,1.0,1,1.0,True
pos,pos_mz_79.0212_01850,79.02120000000001,1,1.0,1.0,1,1.0,True
pos,pos_mz_79.0542_01864,79.0542,1,1.0,1.0,1,1.0,True
pos,pos_mz_79.9556_01891,79.95555,1,1.0,1.0,1,1.0,True
pos,pos_mz_80.0087_01905,80.00865,1,0.9320388349514563,0.9320388349514563,1,1.0,True
pos,pos_mz_80.0200_01908,80.02005,1,0.9320388349514563,0.9320388349514563,1,1.0,True
pos,pos_mz_80.0495_01913,80.04945000000001,1,1.0,1.0,1,1.0,True
pos,pos_mz_80.0575_01916,80.0575,1,0.941747572815534,0.941747572815534,1,1.0,True
pos,pos_mz_80.9396_01943,80.9396,1,1.0,1.0,1,1.0,True
pos,pos_mz_80.9926_01952,80.99265,1,1.0,1.0,1,1.0,True
pos,pos_mz_80.9973_01953,80.99730000000001,1,0.8252427184466019,0.8252427184466019,1,1.0,True
pos,pos_mz_81.0013_01956,81.0013,1,1.0,1.0,1,1.0,True
pos,pos_mz_81.0311_01962,81.0311,1,1.0,1.0,1,1.0,True
pos,pos_mz_81.0335_01963,81.03345,1,0.9805825242718447,0.9805825242718447,1,1.0,True
pos,pos_mz_81.0447_01964,81.04475,1,1.0,1.0,1,1.0,True
pos,pos_mz_81.0528_01969,81.0528,1,1.0,1.0,1,1.0,True
pos,pos_mz_81.0699_01978,81.06985,1,1.0,1.0,1,1.0,True
pos,pos_mz_81.9537_01998,81.9537,1,1.0,1.0,1,1.0,True
pos,pos_mz_81.9629_02001,81.9629,1,1.0,1.0,1,1.0,True
pos,pos_mz_82.0732_02015,82.0732,1,1.0,1.0,1,1.0,True
pos,pos_mz_82.9378_02023,82.93775000000001,1,1.0,1.0,1,1.0,True
pos,pos_mz_83.0216_02028,83.02155,1,1.0,1.0,1,1.0,True
pos,pos_mz_83.0491_02032,83.0491,1,1.0,1.0,1,1.0,True
pos,pos_mz_83.0855_02039,83.08550000000001,1,1.0,1.0,1,1.0,True
pos,pos_mz_83.9599_02047,83.95985,1,1.0,1.0,1,1.0,True
pos,pos_mz_84.0444_02051,84.04435000000001,1,1.0,1.0,1,1.0,True
pos,pos_mz_84.0746_02055,84.0746,1,1.0,1.0,1,1.0,True
pos,pos_mz_84.0807_02057,84.08070000000001,1,1.0,1.0,1,1.0,True
pos,pos_mz_84.0889_02060,84.08890000000001,1,0.9611650485436893,0.9611650485436893,1,1.0,True
pos,pos_mz_84.9596_02110,84.95960000000001,1,1.0,1.0,1,1.0,True
pos,pos_mz_85.0284_02148,85.02835,1,1.0,1.0,1,1.0,True
pos,pos_mz_85.0648_02165,85.0648,1,1.0,1.0,1,1.0,True
pos,pos_mz_85.0761_02172,85.07610000000001,1,1.0,1.0,1,1.0,True
pos,pos_mz_85.0808_02177,85.0808,1,1.0,1.0,1,1.0,True
pos,pos_mz_85.1011_02187,85.1011,1,1.0,1.0,1,1.0,True
pos,pos_mz_85.9587_02202,85.95865,1,0.9320388349514563,0.9320388349514563,1,1.0,True
pos,pos_mz_85.9630_02204,85.96300000000001,1,1.0,1.0,1,1.0,True
pos,pos_mz_86.0600_02218,86.06,1,1.0,1.0,1,1.0,True
pos,pos_mz_86.0841_02224,86.08415,1,1.0,1.0,1,1.0,True
pos,pos_mz_86.9557_02243,86.9557,1,1.0,1.0,1,1.0,True
pos,pos_mz_86.9638_02245,86.96385,1,1.0,1.0,1,1.0,True
pos,pos_mz_86.9754_02248,86.97540000000001,1,0.883495145631068,0.883495145631068,1,1.0,True
pos,pos_mz_86.9926_02249,86.99265,1,1.0,1.0,1,1.0,True
pos,pos_mz_87.0279_02260,87.02785,1,1.0,1.0,1,1.0,True
pos,pos_mz_87.0440_02262,87.044,1,1.0,1.0,1,1.0,True
pos,pos_mz_87.0804_02271,87.0804,1,1.0,1.0,1,1.0,True
pos,pos_mz_87.5296_02279,87.52955,1,1.0,1.0,1,1.0,True
pos,pos_mz_87.9934_02286,87.9934,1,1.0,1.0,1,1.0,True
pos,pos_mz_88.0215_02293,88.0215,1,1.0,1.0,1,1.0,True
pos,pos_mz_88.0392_02299,88.03920000000001,1,1.0,1.0,1,1.0,True
pos,pos_mz_88.0756_02307,88.0756,1,1.0,1.0,1,1.0,True
pos,pos_mz_88.0837_02309,88.0837,1,0.9320388349514563,0.9320388349514563,1,1.0,True
pos,pos_mz_88.9525_02324,88.9525,1,1.0,1.0,1,1.0,True
pos,pos_mz_88.9902_02334,88.9902,1,1.0,1.0,1,1.0,True
pos,pos_mz_89.0597_02346,89.05965,1,1.0,1.0,1,1.0,True
pos,pos_mz_89.0708_02347,89.0708,1,1.0,1.0,1,1.0,True
pos,pos_mz_89.9624_02355,89.96239999999999,1,0.941747572815534,0.941747572815534,1,1.0,True
pos,pos_mz_90.0373_02362,90.03725,1,0.8349514563106796,0.8349514563106796,1,1.0,True
pos,pos_mz_90.0549_02363,90.0549,1,1.0,1.0,1,1.0,True
pos,pos_mz_90.9477_02374,90.94765000000001,1,1.0,1.0,1,1.0,True
pos,pos_mz_90.9766_02376,90.97655,1,1.0,1.0,1,1.0,True
pos,pos_mz_91.0542_02393,91.05415,1,1.0,1.0,1,1.0,True
pos,pos_mz_92.9496_02422,92.9496,1,0.9514563106796117,0.9514563106796117,1,1.0,True
pos,pos_mz_93.0699_02441,93.06985,1,1.0,1.0,1,1.0,True
pos,pos_mz_94.0651_02459,94.06509999999999,1,1.0,1.0,1,1.0,True
pos,pos_mz_95.0254_02490,95.02544999999999,1,0.9902912621359223,0.9902912621359223,1,1.0,True
pos,pos_mz_95.0395_02491,95.03949999999999,1,1.0,1.0,1,1.0,True
pos,pos_mz_95.0491_02494,95.0491,1,1.0,1.0,1,1.0,True
pos,pos_mz_95.0684_02500,95.06845,1,0.8543689320388349,0.8543689320388349,1,1.0,True
pos,pos_mz_95.0855_02507,95.08550000000001,1,1.0,1.0,1,1.0,True
pos,pos_mz_95.9680_02530,95.96795,1,0.8058252427184466,0.8058252427184466,1,1.0,True
pos,pos_mz_95.9742_02532,95.97425,1,1.0,1.0,1,1.0,True
pos,pos_mz_96.0236_02557,96.02355,1,1.0,1.0,1,1.0,True
pos,pos_mz_96.0331_02565,96.03309999999999,1,1.0,1.0,1,1.0,True
pos,pos_mz_96.0419_02571,96.0419,1,1.0,1.0,1,1.0,True
pos,pos_mz_96.0443_02572,96.04425,1,1.0,1.0,1,1.0,True
pos,pos_mz_96.0888_02584,96.0888,1,1.0,1.0,1,1.0,True
pos,pos_mz_96.5349_02594,96.53485,1,0.9611650485436893,0.9611650485436893,1,1.0,True
pos,pos_mz_96.9822_02635,96.98225,1,1.0,1.0,1,1.0,True
pos,pos_mz_97.0075_02680,97.00750000000001,1,1.0,1.0,1,1.0,True
pos,pos_mz_97.0203_02702,97.02025,1,0.8543689320388349,0.8543689320388349,1,1.0,True
pos,pos_mz_97.0283_02720,97.02825000000001,1,0.9320388349514563,0.9320388349514563,1,1.0,True
pos,pos_mz_97.0351_02730,97.03505000000001,1,1.0,1.0,1,1.0,True
pos,pos_mz_97.0647_02749,97.0647,1,1.0,1.0,1,1.0,True
pos,pos_mz_97.1010_02758,97.101,1,1.0,1.0,1,1.0,True
pos,pos_mz_97.9661_02787,97.9661,1,1.0,1.0,1,1.0,True
pos,pos_mz_97.9724_02791,97.97240000000001,1,0.9902912621359223,0.9902912621359223,1,1.0,True
pos,pos_mz_98.0115_02797,98.01155,1,0.8349514563106796,0.8349514563106796,1,1.0,True
pos,pos_mz_98.0138_02799,98.01380000000002,1,0.912621359223301,0.912621359223301,1,1.0,True
pos,pos_mz_98.0191_02800,98.0191,1,1.0,1.0,1,1.0,True
pos,pos_mz_98.0278_02806,98.0278,1,1.0,1.0,1,1.0,True
pos,pos_mz_98.0599_02812,98.0599,1,1.0,1.0,1,1.0,True
pos,pos_mz_98.0901_02815,98.09009999999999,1,1.0,1.0,1,1.0,True
pos,pos_mz_98.9501_02835,98.95005,1,1.0,1.0,1,1.0,True
pos,pos_mz_98.9753_02841,98.97525,1,1.0,1.0,1,1.0,True
pos,pos_mz_98.9802_02842,98.98022499999999,1,0.8058252427184466,0.8058252427184466,1,1.0,True
pos,pos_mz_98.9841_02845,98.9841,1,0.9902912621359223,0.9902912621359223,1,1.0,True
pos,pos_mz_99.0032_02850,99.00315,1,1.0,1.0,1,1.0,True
pos,pos_mz_99.0117_02854,99.0117,1,1.0,1.0,1,1.0,True
pos,pos_mz_99.0439_02867,99.0439,1,1.0,1.0,1,1.0,True
pos,pos_mz_99.0803_02876,99.08030000000001,1,1.0,1.0,1,1.0,True
pos,pos_mz_99.9642_02894,99.96419999999999,1,1.0,1.0,1,1.0,True
